feature_set,horizon,model,model_type,n_features,n_patients,n_test,history_steps,horizon_steps,embargo_steps,mse,rmse,mae,r2,clarke_A,clarke_B,clarke_AB,clarke_C,clarke_D,clarke_E,fit_seconds
E0,30,Persistence,Baseline,1,25,46356,12,6,17,393.40740966796875,19.834500489499824,13.60760498046875,0.8753001689910889,85.28130123392873,13.046854776080766,98.3281560100095,0.015100526361204592,1.654586245577703,0.002157218051600656,0.0
E0,30,LinearTrend,Baseline,1,25,46356,12,6,17,583.5000610351562,24.1557459217296,13.192717552185059,0.8150457143783569,87.19906808180171,11.733108982655967,98.93217706445768,0.2825955647596859,0.7054103028734144,0.07981706790922427,0.0
E0,60,Persistence,Baseline,1,25,46334,12,12,23,1095.70849609375,33.10148782296273,23.032878875732422,0.6525446176528931,69.38101610048776,26.67803340959123,96.05904951007899,0.3820088919583891,3.3970734234039797,0.16186817455863944,0.0
E0,60,LinearTrend,Baseline,1,25,46334,12,12,23,2821.427001953125,53.11710649078247,31.100400924682617,0.10530954599380493,63.698364052315796,31.59235118919152,95.29071524150731,2.535934734752018,1.8452971899684898,0.3280528337721759,0.0
E0,120,Persistence,Baseline,1,25,46292,12,24,35,2392.882080078125,48.91709394555369,35.161827087402344,0.24062716960906982,52.57927935712434,39.54246954117342,92.12174889829777,1.6093493476194591,5.430743973040698,0.8381577810420806,0.0
E0,120,LinearTrend,Baseline,1,25,46292,12,24,35,12620.1162109375,112.33929059299555,68.08414459228516,-3.004950523376465,39.60295515423831,43.437310982459174,83.04026613669748,11.414499265531841,3.0350816555776374,2.5101529421930358,0.0
