{
  "model": "LSTM",
  "feature_set": "E1",
  "horizon": 60,
  "n_samples": 46334,
  "epochs_trained": 25,
  "rmse": 27.797358062132002,
  "mae": 19.686126708984375,
  "clarke_A": 73.30038416713428,
  "clarke_B": 19.948633832606724,
  "clarke_AB": 93.24901799974101,
  "clarke_C": 0.10359563171752925,
  "clarke_D": 6.627962187594423,
  "clarke_E": 0.019424180947036733,
  "fit_seconds": 729.9990339279175,
  "timestamp": "2026-01-29T19:05:45.050264",
  "seed": 42
}