{
  "model": "Persistence",
  "feature_set": "E1",
  "horizon": 60,
  "n_samples": 46334,
  "rmse": 33.10148782296273,
  "mae": 23.032878875732422,
  "clarke_A": 69.38101610048776,
  "clarke_B": 26.67803340959123,
  "clarke_AB": 96.05904951007899,
  "clarke_C": 0.3820088919583891,
  "clarke_D": 3.3970734234039797,
  "clarke_E": 0.16186817455863944,
  "fit_seconds": 8.106231689453125e-06,
  "timestamp": "2026-01-29T18:33:26.463669",
  "seed": 42
}