{
  "model": "Persistence",
  "feature_set": "E1",
  "horizon": 30,
  "n_samples": 46356,
  "rmse": 19.834500489499824,
  "mae": 13.60760498046875,
  "clarke_A": 85.28130123392873,
  "clarke_B": 13.046854776080766,
  "clarke_AB": 98.3281560100095,
  "clarke_C": 0.015100526361204592,
  "clarke_D": 1.654586245577703,
  "clarke_E": 0.002157218051600656,
  "fit_seconds": 5.7220458984375e-06,
  "timestamp": "2026-01-29T18:33:25.675648",
  "seed": 42
}