{
  "model": "RandomForest",
  "feature_set": "E1",
  "horizon": 30,
  "n_samples": 46356,
  "rmse": 15.567292009130842,
  "mae": 10.599858645474216,
  "clarke_A": 90.65708861851756,
  "clarke_B": 7.077832427301751,
  "clarke_AB": 97.7349210458193,
  "clarke_C": 0.0,
  "clarke_D": 2.262921736129088,
  "clarke_E": 0.002157218051600656,
  "fit_seconds": 55.28321099281311,
  "timestamp": "2026-01-29T18:34:22.845872",
  "seed": 42
}