{
  "model": "XGBoost",
  "feature_set": "E1",
  "horizon": 60,
  "n_samples": 46334,
  "rmse": 28.597476703865414,
  "mae": 20.587093353271484,
  "clarke_A": 71.05365390426037,
  "clarke_B": 21.414080372944273,
  "clarke_AB": 92.46773427720466,
  "clarke_C": 0.09496266240773514,
  "clarke_D": 7.428670091077826,
  "clarke_E": 0.008632969309794104,
  "fit_seconds": 1.6073799133300781,
  "timestamp": "2026-01-29T18:34:25.280588",
  "seed": 42
}